,Ngram Term,count
0,n,980
1,l,811
2,c,784
3,b,520
4,k,402
5,men,196
6,se,193
7,ac,181
8,co,151
9,women,144
10,de,126
11,x,80
12,one,77
13,air,67
14,z,62
15,us,58
16,phone,56
17,dress,54
18,car,44
19,sp,44
20,case,41
21,hair,40
22,pro,38
23,iphone,38
24,pack,35
25,1,34
26,shoe,34
27,room,33
28,mens,33
29,back,31
30,top,30
31,2,30
32,ear,30
33,shoes,30
34,decor,29
35,toy,29
36,table,29
37,light,28
38,old,28
39,set,28
40,chair,26
41,go,26
42,bed,26
43,ring,25
44,bag,25
45,toys,25
46,backpack,25
47,box,24
48,dresses,24
49,water,23
50,bra,23
51,kit,23
52,movie,22
53,book,22
54,bath,22
55,movies,21
56,ice,20
57,mask,20
58,mat,20
59,dog,20
60,storage,19
61,head,19
62,sun,19
63,accessories,19
64,sand,19
65,womens,19
66,desk,19
67,beach,18
68,chi,18
69,board,18
70,suit,18
71,baby,18
72,summer,18
73,art,18
74,nail,18
75,sandals,17
76,end,17
77,sha,17
78,wall,17
79,pop,16
80,blue,16
81,organizer,16
82,pen,16
83,tops,16
84,man,16
85,pad,15
86,shorts,15
87,glass,15
88,doo,15
89,3,15
90,plus,15
91,cam,15
92,pre,15
93,cover,15
94,fan,14
95,pill,14
96,stand,14
97,card,14
98,gaming,14
99,lip,14
100,stick,14
101,door,14
102,lights,14
103,iv,14
104,watch,13
105,lace,13
106,app,13
107,size,13
108,king,13
109,gift,13
110,swim,13
111,max,13
112,kids,13
113,glasses,13
114,holder,13
115,pool,13
116,shirt,13
117,paper,12
118,bluetooth,12
119,cat,12
120,band,12
121,oil,12
122,machine,11
123,hat,11
124,5,11
125,chairs,11
126,girl,11
127,rings,11
128,amazon,11
129,pillow,11
130,shoes women,11
131,frame,10
132,dry,10
133,shirts,10
134,key,10
135,bottle,10
136,iphone 12,10
137,outdoor,10
138,clothes,10
139,lap,10
140,ball,10
141,game,10
142,sex,10
143,mouse,10
144,war,10
145,face,10
146,wireless,10
147,bathroom,10
148,press,10
149,kitchen,10
150,mattress,10
151,12,10
152,pencil,10
153,black,10
154,rack,10
155,food,9
156,room decor,9
157,tea,9
158,sandals women,9
159,ski,9
160,supplies,9
161,charger,9
162,roller,9
163,apple,9
164,bar,9
165,shoes men,9
166,towel,9
167,masks,9
168,curtain,9
169,tv,9
170,coffee,9
171,body,9
172,white,9
173,11,8
174,laptop,8
175,airpod,8
176,games,8
177,maker,8
178,books,8
179,shower,8
180,neck,8
181,tank,8
182,fidget,8
183,tool,8
184,switch,8
185,wig,8
186,girls,8
187,headphones,8
188,bags,8
189,gel,8
190,wedding,8
191,plus size,8
192,pods,8
193,ipad,8
194,8,8
195,lamp,8
196,rug,8
197,covers,7
198,adult,7
199,tent,7
200,queen,7
201,9,7
202,gifts,7
203,office,7
204,play,7
205,hats,7
206,bed frame,7
207,iphone 11,7
208,tops women,7
209,spa,7
210,camera,7
211,day,7
212,dresses women,7
213,12 pro,7
214,face mask,7
215,brace,7
216,iphone 12 pro,7
217,para,7
218,nintendo,7
219,boy,7
220,cut,7
221,essential,7
222,night,7
223,sunglasses,7
224,vacuum,7
225,clip,7
226,sets,7
227,control,7
228,packs,7
229,bb,7
230,mini,7
231,eye,7
232,pit,7
233,tens,7
234,ups,6
235,high,6
236,pain,6
237,water bottle,6
238,rc,6
239,tablet,6
240,xbox,6
241,hand,6
242,makeup,6
243,speaker,6
244,weight,6
245,camping,6
246,power,6
247,part,6
248,school,6
249,socks,6
250,lock,6
251,brush,6
252,essentials,6
253,waist,6
254,stuff,6
255,necklace,6
256,nintendo switch,6
257,lunch,6
258,mirror,6
259,cable,6
260,polish,6
261,suits,6
262,summer dress,6
263,jewelry,6
264,shorts women,6
265,bike,6
266,cleaner,6
267,monitor,6
268,shelves,6
269,doll,6
270,tom,6
271,backpacks,6
272,decorations,6
273,towels,6
274,workout,6
275,portable,6
276,star,6
277,corn,6
278,bathing,6
279,pro max,6
280,led,6
281,pc,6
282,travel,6
283,nike,6
284,swimsuit,6
285,bathing suit,6
286,rv,5
287,phone case,5
288,butt,5
289,cube,5
290,pillows,5
291,men's,5
292,lego,5
293,place,5
294,vera,5
295,party,5
296,cock,5
297,trash,5
298,luggage,5
299,fish,5
300,airpods,5
301,trap,5
302,knife,5
303,2021,5
304,tank top,5
305,birthday,5
306,lingerie,5
307,rugs,5
308,wash,5
309,tools,5
310,cups,5
311,sd,5
312,skin,5
313,toilet,5
314,macbook,5
315,pot,5
316,basket,5
317,headband,5
318,plant,5
319,bracelet,5
320,controller,5
321,rtx,5
322,iphone x,5
323,apple watch,5
324,face masks,5
325,golf,5
326,water shoes,5
327,cool,5
328,massage,5
329,house,5
330,cord,5
331,bedroom,5
332,love,5
333,kindle,5
334,conditioner,5
335,wallet,5
336,umbrella,5
337,cards,5
338,gua,5
339,protector,5
340,keyboard,5
341,patio,5
342,paint,5
343,mold,5
344,n95,5
345,samsung,5
346,screen,5
347,mens shoes,4
348,bluetooth speaker,4
349,tape,4
350,iphone 8,4
351,bottles,4
352,summer dresses,4
353,pro case,4
354,maxi,4
355,care,4
356,maxi dress,4
357,ali,4
358,outfits women,4
359,electric,4
360,anime,4
361,ends,4
362,&,4
363,movies 2021,4
364,year old,4
365,shampoo,4
366,spray,4
367,blanket,4
368,jump,4
369,piece,4
370,closet,4
371,crop,4
372,garden,4
373,laundry,4
374,phone charger,4
375,air conditioner,4
376,midi,4
377,container,4
378,jack,4
379,shower curtain,4
380,kawaii,4
381,outfits,4
382,casual,4
383,olds,4
384,tank tops,4
385,float,4
386,powder,4
387,fly,4
388,ps5,4
389,casual summer,4
390,dolls,4
391,human,4
392,earrings,4
393,purse,4
394,furniture,4
395,watches,4
396,making,4
397,nail polish,4
398,buds,4
399,bands,4
400,prime,4
401,wigs,4
402,vitamin,4
403,micro,4
404,seat,4
405,pants,4
406,nail kit,4
407,computer,4
408,teen,4
409,cream,4
410,lunch box,4
411,stool,4
412,hop,4
413,fire,4
414,foot,4
415,usb,4
416,vibrator,4
417,dish,4
418,bras,4
419,notebook,4
420,jam,4
421,paraguard,4
422,boards,4
423,full,4
424,clear,4
425,gift card,4
426,underwear,4
427,protein,4
428,orders,4
429,adidas,4
430,new,4
431,printer,4
432,litter,4
433,christmas,4
434,home,4
435,heels,4
436,tag,4
437,shelf,4
438,stickers,4
439,dresser,4
440,gun,4
441,rio,4
442,10,4
443,mount,4
444,scrub,4
445,sofa,4
446,breast,4
447,croc,4
448,7,4
449,adults,4
450,year,4
451,high waist,4
452,12 pro max,4
453,spiral,4
454,cap,4
455,massager,3
456,seat cover,3
457,x case,3
458,school supplies,3
459,hole,3
460,chicken,3
461,cameras,3
462,crocs,3
463,yeti,3
464,space,3
465,wheel,3
466,molds,3
467,ring light,3
468,cabinet,3
469,bean,3
470,wipes,3
471,diamond,3
472,quiet place,3
473,projector,3
474,pit viper,3
475,plants,3
476,comforter,3
477,silicone,3
478,socket,3
479,switch game,3
480,nails,3
481,cooler,3
482,rod,3
483,living,3
484,butter,3
485,sexy,3
486,hair clip,3
487,pots,3
488,college,3
489,hammock,3
490,vanity,3
491,hoop,3
492,sd card,3
493,frames,3
494,coffee maker,3
495,chain,3
496,espresso,3
497,vans,3
498,tattoo,3
499,folding,3
500,earbuds,3
501,aa,3
502,probiotic,3
503,iphone charger,3
504,shirts women,3
505,fishing,3
506,strip,3
507,life,3
508,women casual,3
509,loss,3
510,pressure,3
511,bathing suits,3
512,free,3
513,snack,3
514,bird,3
515,bikini,3
516,extension,3
517,dining,3
518,gloves,3
519,queen bed,3
520,twin,3
521,white dress,3
522,+,3
523,juice,3
524,milk,3
525,iphone 11 pro,3
526,train,3
527,beach umbrella,3
528,y2k,3
529,vibrating,3
530,women casual summer,3
531,pouch,3
532,toddler,3
533,side,3
534,dorm,3
535,disposable,3
536,lol,3
537,lingerie women,3
538,slip,3
539,nba,3
540,utensil,3
541,cases,3
542,drone,3
543,mouse pad,3
544,human hair,3
545,viper,3
546,hot,3
547,jansport,3
548,resin,3
549,wedding guest,3
550,dildo,3
551,glasses women,3
552,fake,3
553,boys,3
554,shark,3
555,hey,3
556,security,3
557,bins,3
558,scale,3
559,usb c,3
560,vibrating machine,3
561,vacuum cleaner,3
562,tablets,3
563,liner,3
564,curtains,3
565,echo,3
566,planner,3
567,acrylic,3
568,airpods pro,3
569,usa,3
570,balls,3
571,umbrellas,3
572,beach chair,3
573,fresh,3
574,bars,3
575,filter,3
576,halloween,3
577,skin care,3
578,clips,3
579,living room,3
580,organization,3
581,tees,3
582,hip,3
583,suits women,3
584,asics,3
585,6,3
586,flask,3
587,dog bed,3
588,s21,3
589,beds,3
590,crop top,3
591,magnesium,3
592,gear,3
593,waisted,3
594,screen protector,3
595,park,3
596,clock,3
597,pokemon,3
598,cheese,3
599,high waisted,3
600,sheets,3
601,cake,3
602,sets women,3
603,fryer,3
604,skechers,3
605,mens shorts,3
606,organizers,3
607,fly trap,3
608,keto,3
609,evil,3
610,quiet,3
611,mens shirt,3
612,handbags,3
613,toothbrush,3
614,women's,3
615,yoga,3
616,pool float,3
617,fidget toy,3
618,dress women,3
619,led light,3
620,aesthetic,3
621,charms,3
622,graphic,3
623,series,3
624,batteries,3
625,11 pro,3
626,boots,3
627,goth,3
628,cart,3
629,jumpsuit,3
630,galaxy,3
631,ps4,3
632,skirt,3
633,hydro,3
634,boho,3
635,pens,3
636,women vibrating machine,3
637,solar,3
638,deodorant,3
639,tail,3
640,suit women,3
641,storage container,3
642,nike shoes,3
643,gel nail,3
644,headset,3
645,space jam,3
646,shake,3
647,women vibrating,3
648,aid,3
649,pocket,3
650,wax,3
651,disney,3
652,guest,3
653,sleep,3
654,wedding guest dress,2
655,bug,2
656,vipers,2
657,comedy,2
658,spongebob,2
659,fast furious,2
660,swimming pool,2
661,bubble,2
662,ice cream,2
663,portable air,2
664,candle,2
665,swim suit,2
666,mens shirts,2
667,summer tops,2
668,scrubs,2
669,cake stand,2
670,car accessories,2
671,paw,2
672,womens summer,2
673,gifts women,2
674,nightstand,2
675,diaper,2
676,string,2
677,safe,2
678,fruit,2
679,nose,2
680,hdmi,2
681,milwaukee,2
682,bose,2
683,mens underwear,2
684,ceiling,2
685,ultra,2
686,ring camera,2
687,removal,2
688,pacifier,2
689,flops,2
690,alone,2
691,leggings,2
692,nerf,2
693,card holder,2
694,tummy,2
695,bathing suits women,2
696,entryway,2
697,tents,2
698,3060,2
699,inch,2
700,gaming mouse,2
701,bucket hat,2
702,queen mattress,2
703,3d,2
704,gum,2
705,markers,2
706,green tea,2
707,blue light,2
708,sexual,2
709,string lights,2
710,gate,2
711,dorm room essentials,2
712,waterproof,2
713,beach umbrellas,2
714,watch band,2
715,spiralizer,2
716,tree,2
717,gel polish,2
718,box kids,2
719,aa batteries,2
720,puppy,2
721,bar stool,2
722,trainer,2
723,friends,2
724,chicken breast,2
725,necklaces,2
726,wireless keyboard,2
727,front,2
728,strapless,2
729,wall decor,2
730,fanny pack,2
731,large,2
732,old boy,2
733,floor,2
734,headband wig,2
735,cocomelon,2
736,dimple,2
737,carry,2
738,utensils,2
739,pencil pouch,2
740,kn95,2
741,refrigerator,2
742,pepper,2
743,macbook air,2
744,high waisted bikini,2
745,snorkel mask,2
746,11 pro max,2
747,minecraft,2
748,womens shorts,2
749,purifier,2
750,cocktail dress,2
751,pro max case,2
752,mens sunglasses,2
753,bracelets,2
754,bachelorette party,2
755,gold,2
756,3 year old,2
757,figure,2
758,organizers storage,2
759,bean bag,2
760,pocket knife,2
761,purge,2
762,mattresses,2
763,biker,2
764,beads,2
765,accessories women,2
766,foam,2
767,peacock,2
768,action,2
769,galaxy s21,2
770,hoverboard,2
771,iphone 7,2
772,brushes,2
773,pregnancy,2
774,toaster,2
775,wrap,2
776,weighted,2
777,tumbler,2
778,star wars,2
779,erase,2
780,food storage container,2
781,tattoo kit,2
782,gifts men,2
783,n95 mask,2
784,window,2
785,pencils,2
786,nespresso,2
787,balloons,2
788,lighter,2
789,sticks,2
790,t-shirts,2
791,drink,2
792,kindle books,2
793,reveal,2
794,parasite,2
795,dresses summer,2
796,painting,2
797,ebt eligible food,2
798,office chair,2
799,armour,2
800,bathing suit women,2
801,hamper,2
802,clearance,2
803,feeder,2
804,sunglasses men,2
805,paraguard parasite,2
806,dog food,2
807,beach towel,2
808,dehumidifier,2
809,halloween decor,2
810,makeup brushes,2
811,stools,2
812,disposable face masks,2
813,home decor,2
814,patrol,2
815,shaker,2
816,blood,2
817,bag women,2
818,fashion,2
819,biker shorts,2
820,s21 ultra case,2
821,graphic tees,2
822,bowl,2
823,sex toys,2
824,portable air conditioner,2
825,plus size dress,2
826,scooter,2
827,vans shoes,2
828,storage containers,2
829,tower,2
830,youtube,2
831,flip,2
832,throw pillow,2
833,pack women,2
834,size dress,2
835,ebt eligible,2
836,screws,2
837,tables,2
838,bodycon dresses,2
839,mens swim,2
840,couch,2
841,desk organizer,2
842,outdoor lights,2
843,bluey,2
844,room essentials,2
845,monster,2
846,making cut,2
847,ottoman,2
848,smile,2
849,diffuser,2
850,topper,2
851,favors,2
852,noodle,2
853,notebooks,2
854,sweat,2
855,hbo,2
856,macbook pro,2
857,ebt,2
858,running,2
859,teacher,2
860,heat,2
861,8 plus,2
862,flip flops,2
863,jansport backpack,2
864,john,2
865,11 case,2
866,nursing,2
867,green,2
868,max phone,2
869,eligible,2
870,island,2
871,one piece,2
872,crystal,2
873,hawaiian,2
874,purses,2
875,cleanse,2
876,airsoft,2
877,cooking,2
878,sharpeners,2
879,light glasses,2
880,hair clips,2
881,teen girls,2
882,litter box,2
883,skateboard,2
884,barbie,2
885,women summer,2
886,cricut,2
887,dot,2
888,bento box,2
889,pop socket,2
890,joggers,2
891,horror,2
892,pit vipers,2
893,dorm room,2
894,alexa,2
895,iphone se,2
896,lace front wig,2
897,blood pressure,2
898,jacket,2
899,jordan,2
900,gender reveal,2
901,dry erase,2
902,echo dot,2
903,eligible food,2
904,log,2
905,3d printer,2
906,big,2
907,wireless headphones,2
908,binoculars,2
909,crop tops,2
910,guy,2
911,max phone case,2
912,classroom,2
913,plate,2
914,uv,2
915,watches men,2
916,clothing,2
917,vitamin c,2
918,converse,2
919,furious,2
920,floats,2
921,file,2
922,bento,2
923,oculus,2
924,bucks,2
925,guest dress,2
926,backpacks teen,2
927,maxi dresses,2
928,generation,2
929,solar lights,2
930,jbl,2
931,carpet,2
932,floor lamp,2
933,spice,2
934,ultra case,2
935,maternity,2
936,popcorn,2
937,desks,2
938,lululemon,2
939,breasts,2
940,treats,2
941,jeans,2
942,piece outfits women,2
943,record,2
944,cocktail,2
945,slippers,2
946,toys 1,2
947,headbands,2
948,hbo max,2
949,apple watch band,2
950,life jacket,2
951,paper towel,2
952,artificial,2
953,drones,2
954,tripod,2
955,stands,2
956,3080,2
957,curtain rod,2
958,bread,2
959,beach chairs,2
960,security camera,2
961,fanny,2
962,food storage,2
963,adidas shoes,2
964,bachelorette,2
965,wheels,2
966,paw patrol,2
967,battery,2
968,slime,2
969,kids water,2
970,drawer,2
971,compression socks,2
972,true,2
973,led lights,2
974,registry,2
975,keurig,2
976,iron,2
977,tummy control,2
978,hoodie,2
979,melatonin,2
980,black dress,2
981,lightning,2
982,cubes,2
983,station,2
984,iphone 8 plus,2
985,party favors,2
986,silicone wedding band,2
987,womens dresses,2
988,switch games,2
989,parasite cleanse,2
990,baby girl,2
991,pig,2
992,bride,2
993,storage bins,2
994,accent,2
995,gender,2
996,waisted bikini,2
997,bodycon,2
998,skechers shoes,2
999,speakers,2
1000,sexy dress,2
1001,naughty,2
1002,flowers,2
1003,balance,2
1004,back school,2
1005,shirts men,2
1006,fast,2
1007,night stand,2
1008,wigs black,2
1009,hats men,2
1010,godzilla,2
1011,end table,2
1012,belly,2
1013,kayak,2
1014,funko,2
1015,jars,2
1016,plastic,2
1017,silicone wedding,2
1018,lace front,2
1019,evil eye,2
1020,black women,2
1021,strapless bra,2
1022,hose,2
1023,probiotics,2
1024,gel nail polish,2
1025,leverage,2
1026,dog beds,2
1027,lights bedroom,2
1028,women fashion,2
1029,remover,2
1030,s21 ultra,2
1031,shoe rack,2
1032,dude,2
1033,micro sd,2
1034,snorkel,2
1035,xbox one,2
1036,lamps,2
1037,slide,2
1038,dog collar,2
1039,eyelash,2
1040,world,2
1041,candy,2
1042,knee,2
1043,inflatable,2
1044,extension cord,2
1045,plus case,2
1046,plug,2
1047,soap,2
1048,snacks,2
1049,cars,2
1050,folding table,2
1051,airpod case,2
1052,opi,2
1053,beach dress,2
1054,office desk,2
1055,waist trainer,2
1056,label,2
1057,mens sandals,2
1058,mujer,2
1059,label maker,2
1060,1 year,2
1061,twin mattress,2
1062,rice,2
1063,pool floats,2
1064,air case,2
1065,car seat,2
1066,samsung galaxy,2
1067,seat covers,2
1068,swimming,2
1069,beef,2
1070,treadmill,2
1071,paraguard parasite cleanse,2
1072,1 year old,2
1073,lashes,2
1074,hey dude,2
1075,iphone xr,2
1076,max case,2
1077,fridge,2
1078,wars,2
1079,water bottles,2
1080,year old boy,2
1081,jurassic,2
1082,hoop earrings,2
1083,hub,2
1084,scratcher,2
1085,air purifier,2
1086,corset,2
1087,packing,2
1088,keychain,2
1089,air fryer,2
1090,fortnite,2
1091,makers,2
1092,tankini,2
1093,3 year,2
1094,queen bed frame,2
1095,dinosaur,2
1096,sundress,2
1097,tennis,2
1098,men's shorts,2
1099,nintendo switch game,2
1100,dryer,2
1101,mechanical,2
1102,xr,2
1103,piece outfits,2
1104,peel,2
1105,wedding band,2
1106,made,2
1107,gaming chair,2
1108,diamond painting,2
1109,front wig,2
1110,cutting board,2
1111,dragon,2
1112,sign,2
1113,peel stick,2
1114,cowboy,2
1115,closet organizer,2
1116,organization storage,2
1117,rings women,2
1118,guns,2
1119,swimsuit cover,2
1120,picture frame,2
1121,pads,2
1122,beats,2
1123,vestidos,2
1124,3070,2
1125,collagen,2
1126,cords,2
1127,womens shoes,2
1128,squishmallow,2
1129,drive,2
1130,throw,2
1131,toilet paper,2
1132,sticky,2
1133,fitbit,2
1134,picture,2
1135,little,2
1136,fidget pack,2
1137,toys 1 year,2
1138,flash,2
1139,kettle,2
1140,wigs black women,2
1141,cat litter,2
1142,knee brace,2
1143,animal,2
1144,player,2
1145,cutting,2
1146,binder,2
1147,power strip,2
1148,laptop bag,2
1149,lunch bag,2
1150,carry luggage,2
1151,compression,2
1152,hydroflask,2
1153,wallpaper,2
1154,stroller,2
1155,basics,2
1156,new balance,2
1157,bucket,2
1158,birkenstock,2
1159,items,2
1160,outdoor rug,2
1161,romper,2
1162,disposable face,2
1163,woman,2
1164,nose ring,2
1165,bands women,2
1166,containers,2
1167,blue light glasses,2
1168,collar,2
1169,grinder,2
1170,deals,2
1171,pillow covers,2
1172,ipad pro,2
1173,ipad air,2
1174,lounge,2
1175,ceiling fan,2
1176,+ case,2
1177,resin mold,2
1178,mosquito,2
1179,accent chair,2
1180,xbox series,2
1181,wine,2
1182,hats women,2
1183,marvel,2
1184,glue,2
1185,birthday gifts,2
1186,smart,2
1187,humidifiers,2
1188,true co bras,1
1189,wall clock,1
1190,figit toys packages,1
1191,usb c cable,1
1192,knee braces knee,1
1193,monitors,1
1194,mailbox,1
1195,mini backpack,1
1196,8th generation,1
1197,hard,1
1198,cat toys,1
1199,logitech,1
1200,pasta,1
1201,desk decor,1
1202,plus cases,1
1203,placemats,1
1204,raised,1
1205,kawaii room decor,1
1206,size bathing suit,1
1207,squishies,1
1208,drying,1
1209,charger 10ft,1
1210,bag chairs,1
1211,nail tips,1
1212,automotive seat covers,1
1213,waxing kit,1
1214,headband wig human,1
1215,gucci,1
1216,indoor/outdoor wireless,1
1217,mattress topper,1
1218,gothic clothes,1
1219,cute school,1
1220,gallon water bottle,1
1221,knife men,1
1222,silicone wedding bands,1
1223,slippers women,1
1224,women tummy,1
1225,12 pro case,1
1226,shoulder tops,1
1227,oils,1
1228,poop,1
1229,planners,1
1230,oakley sunglasses,1
1231,masks virus,1
1232,happy birthday banner,1
1233,bucket hats men,1
1234,cooking shows,1
1235,power rangers,1
1236,bose bluetooth speaker,1
1237,pencil case,1
1238,dragon ball,1
1239,omega 3,1
1240,unhinged,1
1241,blaster,1
1242,pepper spray,1
1243,sexual women vibrating,1
1244,making kit,1
1245,jordans,1
1246,plastic storage,1
1247,wigs human,1
1248,bidet,1
1249,patio furniture,1
1250,pots pans,1
1251,n95 masks,1
1252,conditioner room,1
1253,xs,1
1254,baby play,1
1255,travel size,1
1256,jackets,1
1257,brands,1
1258,pool floats adult,1
1259,apple watch series,1
1260,romantic,1
1261,puma shoes,1
1262,christmas decorations,1
1263,jurassic park,1
1264,cat scratcher,1
1265,sunset,1
1266,repellent,1
1267,blow dryer,1
1268,yeti tumbler,1
1269,crocs sandals women,1
1270,watering,1
1271,meal prep container,1
1272,candy machine,1
1273,drones camera adults,1
1274,adam,1
1275,dog treats,1
1276,food scale,1
1277,full size,1
1278,raised garden bed,1
1279,brooks shoes women,1
1280,plastic cups,1
1281,sleeper sofa,1
1282,airtag,1
1283,protein powder,1
1284,eligible food items,1
1285,se 2020,1
1286,cereal,1
1287,baby monitor,1
1288,iphone cable,1
1289,wick,1
1290,vibrator sexual women,1
1291,travel pillow,1
1292,gel pens,1
1293,summer outfits women,1
1294,beach bag,1
1295,vipers men,1
1296,lol surprise,1
1297,logitech mouse,1
1298,fly traps indoors,1
1299,polish kit,1
1300,prep,1
1301,top women,1
1302,hydroflask 32,1
1303,passport holder,1
1304,skin tag remover,1
1305,glass screen,1
1306,womens sunglasses,1
1307,rompers women,1
1308,floating shelves,1
1309,glass storage containers,1
1310,suitcase,1
1311,vegetable chopper,1
1312,reveal decorations,1
1313,content,1
1314,sprinkler,1
1315,piece bathing suits,1
1316,hotel transylvania,1
1317,wall shelves,1
1318,length,1
1319,polaroid cameras,1
1320,queen mattresses,1
1321,club outfits women,1
1322,laptop stand,1
1323,key chain,1
1324,kids lunch,1
1325,bottle straw,1
1326,splitter,1
1327,ties,1
1328,bird bath,1
1329,tote,1
1330,malayalam,1
1331,palette,1
1332,cardigan,1
1333,travel size toiletries,1
1334,sectional,1
1335,roku,1
1336,must,1
1337,brita filter,1
1338,twin bed,1
1339,love island,1
1340,tops women swimwear,1
1341,healthy snacks,1
1342,3090,1
1343,candles,1
1344,phone cases,1
1345,celsius,1
1346,womens shirts,1
1347,brooks shoes,1
1348,packing tape,1
1349,clips women,1
1350,underwear women,1
1351,bulletin board,1
1352,stuffed animals,1
1353,beard trimmer men,1
1354,escape,1
1355,aesthetic room decor,1
1356,journal,1
1357,iphone se 2020,1
1358,probiotics women,1
1359,ring cameras outside,1
1360,amazon ptime,1
1361,makeup organizer,1
1362,milwaukee bucks,1
1363,football cleats,1
1364,phone pouch,1
1365,colombianas reductoras moldeadoras,1
1366,door stopper,1
1367,guest dresses,1
1368,wax removal,1
1369,gaming monitor,1
1370,womens underwear,1
1371,sex toys women,1
1372,fitbit versa 2,1
1373,reading,1
1374,memory,1
1375,webcam,1
1376,hair removal,1
1377,animal kingdom,1
1378,ankle,1
1379,bodycon dresses women,1
1380,cork,1
1381,times,1
1382,pink dress,1
1383,teeth whitening,1
1384,bluetooth mouse,1
1385,keycaps,1
1386,shopping,1
1387,nail art,1
1388,place part 2,1
1389,bras large,1
1390,iphone 11 case,1
1391,roomba,1
1392,full length,1
1393,cucumber,1
1394,unicorns gifts girls,1
1395,survival,1
1396,glass storage,1
1397,tag remover,1
1398,bathroom organizer,1
1399,rtx 3080,1
1400,toys women,1
1401,surprise dolls,1
1402,gallon water,1
1403,unicorns gifts,1
1404,stuff 5 dollars,1
1405,fleshlight,1
1406,shorts men,1
1407,dogs,1
1408,fast furious 9,1
1409,lunch box men,1
1410,telugu movies,1
1411,erase markers,1
1412,legos,1
1413,boat accessories,1
1414,printers,1
1415,titan,1
1416,magnesium threonate,1
1417,gym bag,1
1418,mini brands,1
1419,mens water shoes,1
1420,plus size dresses,1
1421,henna tattoo kit,1
1422,puma shoes men,1
1423,dog poop,1
1424,mascara,1
1425,beach dresses,1
1426,hiking,1
1427,paint numbers,1
1428,viper sunglasses,1
1429,starbucks cups,1
1430,pointer,1
1431,refrigerator organizer,1
1432,scrubs women,1
1433,lululemon dupes,1
1434,ramen,1
1435,vanity chair,1
1436,& games,1
1437,figures,1
1438,shaped,1
1439,backpacks school,1
1440,peanut butter,1
1441,wine rack,1
1442,phone cases iphone,1
1443,popsicles molds,1
1444,bedding comforters,1
1445,reductoras,1
1446,playstation,1
1447,warehouse,1
1448,luggage spinner wheels,1
1449,prime 10 +,1
1450,vs kong,1
1451,cheap stuff 5,1
1452,photo albums,1
1453,disney shirts women,1
1454,women's sandals,1
1455,size dresses,1
1456,lightning deals,1
1457,timberland boots men,1
1458,s10+,1
1459,happy birthday,1
1460,cameras outside,1
1461,pop fidget toy,1
1462,beard trimmer,1
1463,slip slide,1
1464,merch,1
1465,clear heels,1
1466,crystals,1
1467,de verano para,1
1468,keychains women,1
1469,potter,1
1470,tea kettle,1
1471,wireless earbuds,1
1472,camera adults 4k,1
1473,cream maker,1
1474,tank tops men,1
1475,products,1
1476,jackets adults,1
1477,serum,1
1478,dildos,1
1479,maxi dresses women,1
1480,jeans women,1
1481,verano para,1
1482,chemical guys,1
1483,hero,1
1484,christmas movies,1
1485,versa,1
1486,calvin klein,1
1487,sellers,1
1488,pop socket phone,1
1489,diapers,1
1490,human hair wigs,1
1491,tank top women,1
1492,headbands women,1
1493,casual summer dresses,1
1494,cupcake,1
1495,bread box,1
1496,kids toys,1
1497,jewelry box,1
1498,superman,1
1499,train dragon,1
1500,mini dress,1
1501,pack n,1
1502,apple iphone,1
1503,kids water bottle,1
1504,leverage redemption,1
1505,salmon,1
1506,computer monitor,1
1507,jumbo,1
1508,vans shoes women,1
1509,blood pressure machine,1
1510,paw patrol toys,1
1511,mens swim trunk,1
1512,clothes rack,1
1513,dresses women summer,1
1514,8 plus cases,1
1515,birthday gifts women,1
1516,cameras indoor/outdoor wireless,1
1517,boxing,1
1518,pro max glass,1
1519,strips,1
1520,daddy,1
1521,college dorm essentials,1
1522,ear wax removal,1
1523,south park,1
1524,farmhouse decor,1
1525,grand,1
1526,bed frame headboard,1
1527,grow light,1
1528,cleaning supplies,1
1529,cat tower,1
1530,pool accessories,1
1531,space jam 2,1
1532,amazon fresh groceries,1
1533,classroom supplies,1
1534,hawaiian dresses women,1
1535,baby registry search,1
1536,runner,1
1537,exercise bike,1
1538,air conditioners,1
1539,shipping,1
1540,energy,1
1541,camping chairs,1
1542,pools,1
1543,playing cards,1
1544,case 4th generation,1
1545,raising,1
1546,free shipping,1
1547,hoka,1
1548,ear buds,1
1549,aesthetic clothes,1
1550,pre workout,1
1551,pencil box,1
1552,teen wolf,1
1553,small,1
1554,scooby,1
1555,bathroom rugs,1
1556,explicit,1
1557,water bottles times,1
1558,pouches,1
1559,students,1
1560,popsocket,1
1561,protectors,1
1562,placed,1
1563,garmin,1
1564,halloween decorations,1
1565,electric bike,1
1566,jumanji,1
1567,ice cube tray,1
1568,hey dude shoes,1
1569,peacock tv,1
1570,beef jerky,1
1571,books best,1
1572,ipad 8th generation,1
1573,party supplies,1
1574,king size sheets,1
1575,decor clearance,1
1576,beach tent,1
1577,shark movies,1
1578,outdoor string,1
1579,kratts,1
1580,place part,1
1581,transformers,1
1582,cupshe,1
1583,wifi extender,1
1584,wild,1
1585,bradley,1
1586,vs,1
1587,8th generation case,1
1588,necklaces women,1
1589,coverup,1
1590,jordan 1,1
1591,outdoor string lights,1
1592,baby registry,1
1593,jam jersey,1
1594,desk organizers,1
1595,lights outdoor garden,1
1596,wedge sandals,1
1597,lol surprise dolls,1
1598,plus size tops,1
1599,planners 2021-2022 women,1
1600,couches living room,1
1601,vionic,1
1602,cowboy hat,1
1603,c charger,1
1604,brushes set,1
1605,bath body works,1
1606,acrylic paint,1
1607,colored,1
1608,tankini tops women,1
1609,cordless,1
1610,cute,1
1611,sword,1
1612,discovery plus,1
1613,family,1
1614,audifonos bluetooth,1
1615,earrings sets,1
1616,polaroid,1
1617,chlorine tablets,1
1618,beetles,1
1619,tires,1
1620,8x10,1
1621,gua sha,1
1622,badge holder,1
1623,gold hoop earrings,1
1624,kids backpack,1
1625,funkin merch,1
1626,eyeliner,1
1627,new movies,1
1628,womens wallet,1
1629,slayer,1
1630,dip,1
1631,painting kits,1
1632,cell phone,1
1633,led strip,1
1634,closet storage,1
1635,academia,1
1636,coffee pods,1
1637,bracelet making,1
1638,diaper bag,1
1639,face shield,1
1640,hair straightener,1
1641,tankini bathing,1
1642,yoga pants,1
1643,blouses women,1
1644,airpod cases,1
1645,13 inch case,1
1646,telugu,1
1647,tray,1
1648,milwaukee bucks shirt,1
1649,detergent,1
1650,ps5 console,1
1651,para fiesta,1
1652,mini fridge,1
1653,vestidos elegantes,1
1654,10 + inch,1
1655,vionic sandals,1
1656,dog kennel,1
1657,calvin klein underwear,1
1658,versa 2 band,1
1659,coverup women,1
1660,verano,1
1661,size maxi,1
1662,naughty sex,1
1663,budget,1
1664,sexually explicit content,1
1665,trek,1
1666,icarly,1
1667,drawers,1
1668,iphone 11 screen,1
1669,unlimited books,1
1670,vitamin d3,1
1671,side table,1
1672,paramount plus,1
1673,sparkling,1
1674,swing,1
1675,iphone charger cable,1
1676,neon sign,1
1677,magnetic,1
1678,pack women fashionable,1
1679,manifest,1
1680,license,1
1681,meal,1
1682,2020 case,1
1683,rick morty,1
1684,drives,1
1685,xbox series x,1
1686,jurassic world,1
1687,sexy lingerie,1
1688,rv accessories,1
1689,skin care tools,1
1690,kids headphones,1
1691,chandeliers,1
1692,shower head,1
1693,whole,1
1694,ups women,1
1695,bluetooth earbuds,1
1696,sexy dresses,1
1697,curling,1
1698,converse shoes,1
1699,sandals shoes,1
1700,amazon basics,1
1701,looney,1
1702,items free,1
1703,woman's sandals,1
1704,apigenin,1
1705,skechers sandals,1
1706,air fryers,1
1707,shaker bottle,1
1708,guys,1
1709,switch controller,1
1710,mosquito repellent,1
1711,tea tree,1
1712,hbo max app,1
1713,goth accessories,1
1714,washer,1
1715,ear plugs,1
1716,toiletry,1
1717,clearance items,1
1718,pocket knife men,1
1719,patio chairs,1
1720,car trash,1
1721,free kindle books,1
1722,hummus,1
1723,crackers,1
1724,survivor,1
1725,drawer organizer,1
1726,bathtub,1
1727,swim shorts,1
1728,vestidos de,1
1729,hair wigs,1
1730,finals,1
1731,keto snack,1
1732,standing desk,1
1733,iphone xs,1
1734,queen comforter,1
1735,home security,1
1736,purple shampoo,1
1737,inch case,1
1738,blouses women fashion,1
1739,divider,1
1740,peppa pig,1
1741,switch accessories,1
1742,guitar,1
1743,patio set,1
1744,step stool,1
1745,hair removal spray,1
1746,capris,1
1747,sweaters women,1
1748,pill organizer,1
1749,kawaii clothes,1
1750,running shorts women,1
1751,microphone,1
1752,laptop case,1
1753,button rings,1
1754,gender reveal decorations,1
1755,anker,1
1756,king size,1
1757,fresheners,1
1758,plates,1
1759,helmets,1
1760,heating,1
1761,ear wax,1
1762,july,1
1763,s21 +,1
1764,kors,1
1765,cutting boards,1
1766,bubble wrap,1
1767,pop tent,1
1768,room essentials college,1
1769,smart tv,1
1770,ps4 games,1
1771,makeup mirror,1
1772,ring doorbell,1
1773,2 band,1
1774,boss,1
1775,toiletries,1
1776,portable air conditioners,1
1777,weighted hula,1
1778,wayne,1
1779,war movies,1
1780,indoor/outdoor,1
1781,shaped desk,1
1782,swimsuit coverup,1
1783,pirates,1
1784,gold necklace,1
1785,kawaii room,1
1786,insulated,1
1787,box fan,1
1788,opener,1
1789,dyson,1
1790,black dresses,1
1791,center,1
1792,paddle,1
1793,kids face masks,1
1794,watermelon,1
1795,airpod pro case,1
1796,dresses wedding,1
1797,boots men,1
1798,madden,1
1799,vibrator dildo,1
1800,big pop,1
1801,cool stuff,1
1802,liquid iv,1
1803,celsius energy,1
1804,desk fan,1
1805,women sex naughty,1
1806,oversized shirts women,1
1807,comforters,1
1808,case 4th,1
1809,mother,1
1810,face wash,1
1811,birthday decorations,1
1812,7 plus,1
1813,parasite cleanse humans,1
1814,baby stuff,1
1815,fountain,1
1816,backsplash,1
1817,tomorrow war,1
1818,table set,1
1819,gifts mom,1
1820,flash drive,1
1821,skates,1
1822,sports bra,1
1823,socket phone,1
1824,fire stick,1
1825,wagon,1
1826,adam sandler,1
1827,watch bands,1
1828,guest women summer,1
1829,packing cubes,1
1830,action figures,1
1831,puzzle,1
1832,trash bags,1
1833,power bank,1
1834,ptime,1
1835,comedies,1
1836,xbox controller,1
1837,wolf,1
1838,among,1
1839,pregnancy tests,1
1840,chicago,1
1841,acrylic nail kit,1
1842,dumbbell,1
1843,aid kit,1
1844,naruto,1
1845,cornhole bags,1
1846,plus size swim,1
1847,umbrellas sand,1
1848,summer outfits,1
1849,plant stand,1
1850,bradley backpack,1
1851,air mattress,1
1852,galaxy s10+ case,1
1853,amazon prime,1
1854,record player,1
1855,mortal kombat,1
1856,yoda,1
1857,electric scooter,1
1858,youtube tv,1
1859,mujer para,1
1860,shapewear,1
1861,2020,1
1862,notes,1
1863,co bras women,1
1864,max glass,1
1865,robot,1
1866,hawaiian shirts,1
1867,hydroflask 32 oz,1
1868,boots women,1
1869,sunset lamp,1
1870,care tools,1
1871,waterproof phone pouch,1
1872,feeders,1
1873,set women,1
1874,pokemon toys,1
1875,wireless headphones iphone,1
1876,black disposable,1
1877,newborn,1
1878,operated fan,1
1879,vase,1
1880,car organizer,1
1881,womens shorts summer,1
1882,bathroom storage,1
1883,license plate covers,1
1884,mattress protector,1
1885,inflatable swimming pool,1
1886,coffee table,1
1887,plastic storage bins,1
1888,baby essentials,1
1889,tweezers,1
1890,swimwear,1
1891,world toys,1
1892,workout sets women,1
1893,ankle bracelets women,1
1894,adult coloring book,1
1895,s21 + case,1
1896,polo shirts men,1
1897,bras large breasts,1
1898,alexa echo,1
1899,two,1
1900,c cable,1
1901,backpack teen,1
1902,asics shoes women,1
1903,mouthwash,1
1904,grow,1
1905,walker,1
1906,baby bathtub,1
1907,women naughty sex,1
1908,cardigan sweaters women,1
1909,mosquito killer,1
1910,hammock chair,1
1911,rtx 3070,1
1912,playstation 5,1
1913,type c charger,1
1914,kitchen decor,1
1915,borders,1
1916,book shelf,1
1917,concealer,1
1918,toddler bed,1
1919,two piece,1
1920,wall mirror,1
1921,shower curtain liner,1
1922,aloe vera,1
1923,size bathing,1
1924,tablets sale prime,1
1925,old girl,1
1926,figit toys,1
1927,amazonbasics,1
1928,corner,1
1929,2 piece,1
1930,prime 10,1
1931,housewarming gift,1
1932,nail glue,1
1933,women's shorts,1
1934,alexa echo dot,1
1935,door lock,1
1936,scary movies,1
1937,xs max phone,1
1938,wallet men,1
1939,resident,1
1940,massage gun,1
1941,bralettes women,1
1942,creamer,1
1943,gaming laptop,1
1944,mens socks,1
1945,cube tray,1
1946,classic,1
1947,c serum,1
1948,beach chairs adults,1
1949,protection,1
1950,cornhole,1
1951,ergonomic,1
1952,scrunchies,1
1953,7 case,1
1954,demon slayer,1
1955,pencil sharpeners,1
1956,birthday gifts men,1
1957,wall shelf,1
1958,rice cooker,1
1959,delivery,1
1960,downloader,1
1961,carpet cleaner,1
1962,whitening,1
1963,scale body,1
1964,portable fan,1
1965,redemption,1
1966,amazon smile,1
1967,women dressy,1
1968,dewalt,1
1969,clarks sandals shoes,1
1970,cd player,1
1971,protection made usa,1
1972,vionic sandals women,1
1973,air purifiers,1
1974,size toiletries,1
1975,backpacks teen girls,1
1976,scooby doo,1
1977,memory foam mattress,1
1978,bookcase,1
1979,foundation,1
1980,4k,1
1981,sparkling water,1
1982,ravpower,1
1983,back massager,1
1984,patches,1
1985,explicit content,1
1986,sundresses women,1
1987,women high,1
1988,tarot cards,1
1989,lord rings,1
1990,spinner,1
1991,vibrator dildo women,1
1992,armour shoes men,1
1993,bug zapper,1
1994,car phone,1
1995,hand soap,1
1996,end tables,1
1997,sewing machines,1
1998,c usb c,1
1999,made usa,1
2000,extender,1
2001,spinner wheels,1
2002,midi dress,1
2003,nike socks,1
2004,butter dish,1
2005,curtain rings,1
2006,tea mask stick,1
2007,tarot,1
2008,daniel,1
2009,entryway table,1
2010,swimsuit tummy,1
2011,lounge sets,1
2012,sanrio,1
2013,storage ottoman,1
2014,bluetooth speakers,1
2015,bike lock,1
2016,business,1
2017,puppy toys,1
2018,purple,1
2019,toy storage,1
2020,garden hose,1
2021,waisted bikini set,1
2022,iphone 8 case,1
2023,american horror,1
2024,workout shorts womens,1
2025,raised garden,1
2026,jam 2,1
2027,floating,1
2028,free kindle,1
2029,refrigerators,1
2030,dog collars,1
2031,tank tops women,1
2032,igloo cooler,1
2033,dash,1
2034,deodorant men,1
2035,gift card birthday,1
2036,scissors,1
2037,bluetooth headphones,1
2038,tests,1
2039,aloe vera gel,1
2040,women high waist,1
2041,jerry,1
2042,wedding guest dresses,1
2043,rangers,1
2044,ice cube,1
2045,rolling cart,1
2046,computer desk,1
2047,y2k top,1
2048,mask stick,1
2049,belly button,1
2050,thrones,1
2051,glycinate,1
2052,large breasts,1
2053,mini pop,1
2054,elegantes,1
2055,neon,1
2056,crocs sandals,1
2057,taylor swift,1
2058,surprise,1
2059,sofa covers,1
2060,horror movies,1
2061,dish drying,1
2062,kitchen gadgets,1
2063,tool box,1
2064,vinyl records,1
2065,toiletry bag,1
2066,diamond painting kits,1
2067,must haves,1
2068,american horror story,1
2069,jackass,1
2070,gummies,1
2071,trainer women,1
2072,phone holder mount,1
2073,fish oil,1
2074,love hip hop,1
2075,mechanical keyboard,1
2076,watch series,1
2077,external,1
2078,teens,1
2079,rambo,1
2080,tevas,1
2081,swim trunk,1
2082,towel holder,1
2083,10ft,1
2084,scrub daddy,1
2085,artificial plants,1
2086,essentials college students,1
2087,zombie movies,1
2088,dining room,1
2089,3 year olds,1
2090,armour backpack,1
2091,chips,1
2092,lip gloss,1
2093,white desk,1
2094,hindi movies 2021,1
2095,paperwhite,1
2096,numbers,1
2097,hair accessories,1
2098,hulu,1
2099,loungefly,1
2100,eyebrow pencil,1
2101,baseball,1
2102,pull,1
2103,lanyard,1
2104,milwaukee tools,1
2105,slime licker,1
2106,jumpsuits,1
2107,zapper,1
2108,tshirt dress,1
2109,food items free,1
2110,bath mat,1
2111,baby boy clothes,1
2112,tote bag,1
2113,bedding,1
2114,cotton candy,1
2115,workout tops,1
2116,cat tree,1
2117,bulletin board borders,1
2118,aa battery,1
2119,beach cover,1
2120,eyelash kit,1
2121,full bed,1
2122,pantry organization,1
2123,unicorns,1
2124,tomatoes,1
2125,opi nail polish,1
2126,wig human hair,1
2127,sweet sweat,1
2128,licker,1
2129,mop,1
2130,brita,1
2131,kombat,1
2132,ground,1
2133,fitbit versa,1
2134,phone holder,1
2135,s10+ case,1
2136,vape,1
2137,deep,1
2138,weight loss,1
2139,killer,1
2140,part 2,1
2141,blanks,1
2142,type c,1
2143,scale body weight,1
2144,light glasses women,1
2145,little pony,1
2146,crossbody bags,1
2147,steering wheel,1
2148,true co,1
2149,beach hats,1
2150,socks women,1
2151,aesthetic room,1
2152,surge protectors,1
2153,chopper,1
2154,bedding comforters &,1
2155,telugu movies 2021,1
2156,white tank tops,1
2157,poop bag,1
2158,paper plates,1
2159,monster high,1
2160,book shelves,1
2161,ball pit,1
2162,timberland boots,1
2163,sports,1
2164,lol dolls,1
2165,westerns,1
2166,c hub,1
2167,dressers &,1
2168,classroom decor,1
2169,nerf guns,1
2170,blackout,1
2171,book ends,1
2172,masks skincare,1
2173,king bed,1
2174,phone stand,1
2175,stress,1
2176,lume deodorant,1
2177,bathroom trash,1
2178,pro 2,1
2179,brumate,1
2180,nmn,1
2181,throw pillow covers,1
2182,air case 4th,1
2183,"size swim suits,",1
2184,fake nose ring,1
2185,cork board,1
2186,gifts girls,1
2187,prep container,1
2188,clarks,1
2189,comforters &,1
2190,beach umbrellas sand,1
2191,duffle,1
2192,canning,1
2193,thank,1
2194,mermaid tail,1
2195,size lingerie,1
2196,pizza,1
2197,washi,1
2198,kn95 face,1
2199,rae,1
2200,motorcycle,1
2201,highlighters,1
2202,outdoor rugs,1
2203,12 pro screen,1
2204,books best sellers,1
2205,lettuce,1
2206,hair clips women,1
2207,headphones wireless bluetooth,1
2208,window privacy film,1
2209,11 screen protector,1
2210,blink,1
2211,quest 2,1
2212,vanity mirror,1
2213,blender,1
2214,bluetooth inalambricos,1
2215,series 6,1
2216,hair extensions,1
2217,shows,1
2218,starbucks,1
2219,headboard,1
2220,peel stick backsplash,1
2221,blazer,1
2222,peel stick wallpaper,1
2223,toilet paper holder,1
2224,cardigan sweaters,1
2225,lunch bag women,1
2226,amz,1
2227,laptops,1
2228,folders,1
2229,caribbean,1
2230,stroller fan,1
2231,iphone xs max,1
2232,stuff 5,1
2233,cat water fountain,1
2234,pole,1
2235,gym,1
2236,instant pot,1
2237,type,1
2238,sewing,1
2239,yeti cooler,1
2240,cherry pitter,1
2241,white noise machine,1
2242,bath towels,1
2243,conditioners,1
2244,fidgets,1
2245,cupcake stand,1
2246,backdrop stand,1
2247,agrestis,1
2248,baby gate,1
2249,gift cards,1
2250,series x,1
2251,exfoliating,1
2252,harry potter,1
2253,whey,1
2254,comforters & sets,1
2255,water dispenser,1
2256,13,1
2257,swift,1
2258,gaming action figures,1
2259,passport,1
2260,lace front wigs,1
2261,club outfits,1
2262,blood pressure monitors,1
2263,eyeshadow,1
2264,tea mask,1
2265,beach toys,1
2266,college students,1
2267,charging,1
2268,eggs,1
2269,posters,1
2270,swimsuit tummy control,1
2271,peanut,1
2272,skincare,1
2273,gaming hats,1
2274,composition notebooks,1
2275,fryers,1
2276,car air,1
2277,bluetooth headset,1
2278,albums,1
2279,omega,1
2280,shorts women high,1
2281,garmin watch,1
2282,micro sd card,1
2283,8th,1
2284,shorts summer,1
2285,jibbitz,1
2286,automotive seat,1
2287,ipad pro 11,1
2288,kitchen utensils,1
2289,security cameras indoor/outdoor,1
2290,bank,1
2291,paddle board,1
2292,pirates caribbean,1
2293,measuring cups,1
2294,sex doll,1
2295,adult coloring,1
2296,flashlight,1
2297,full size mattress,1
2298,chests drawers,1
2299,tankini bathing suits,1
2300,baby swing,1
2301,bathroom accessories,1
2302,anxiety ring,1
2303,polygel nail kit,1
2304,small desk,1
2305,neck fan,1
2306,tv stick,1
2307,monitor stand,1
2308,toys & games,1
2309,c usb,1
2310,garden bed,1
2311,size tops,1
2312,high waisted shorts,1
2313,temporary tattoo,1
2314,car phone holder,1
2315,shakers,1
2316,luggage tag,1
2317,alone fix,1
2318,disney plus,1
2319,tongkat ali,1
2320,humans,1
2321,john wayne movies,1
2322,monster hunter,1
2323,front wigs human,1
2324,backdrop,1
2325,desk lamp,1
2326,decorative,1
2327,happy,1
2328,pro 13 inch,1
2329,dry erase board,1
2330,liquid,1
2331,steamer clothes,1
2332,sale prime 10,1
2333,guest dresses women,1
2334,rose,1
2335,sectional couches living,1
2336,zombie,1
2337,water fountain,1
2338,cases iphone,1
2339,muddy,1
2340,large dogs,1
2341,sandler,1
2342,full bed frame,1
2343,napkin,1
2344,usb c wall,1
2345,life jackets,1
2346,foam roller,1
2347,crate,1
2348,watches women,1
2349,c wall charger,1
2350,+ inch,1
2351,living room chairs,1
2352,charging station,1
2353,tips,1
2354,skateboards,1
2355,bowl cleaners,1
2356,wine glasses,1
2357,toy women,1
2358,bridesmaid dresses,1
2359,airpods pro 2,1
2360,protein bars,1
2361,technic,1
2362,timberland,1
2363,office decor,1
2364,fall,1
2365,sublimation,1
2366,beach accessories,1
2367,toothbrush holders,1
2368,usb c usb,1
2369,ball z,1
2370,12 case,1
2371,magnets,1
2372,survival gear,1
2373,shower caddy,1
2374,king bed frame,1
2375,iphone 7 plus,1
2376,rompers women dressy,1
2377,outside,1
2378,iphone se case,1
2379,fairy lights,1
2380,wig human,1
2381,5 dollars,1
2382,star trek,1
2383,nintendo switch case,1
2384,home decor clearance,1
2385,laptop bag women,1
2386,photo,1
2387,cd,1
2388,night stands,1
2389,backpack teen girls,1
2390,bridesmaid,1
2391,kimonos,1
2392,keurig coffee,1
2393,one controllers,1
2394,wireless keyboard mouse,1
2395,skechers shoes men,1
2396,weighted hula hoop,1
2397,wedge,1
2398,dog food storage,1
2399,heat press,1
2400,groceries delivery,1
2401,fortnite backpack,1
2402,foam mattress,1
2403,spice jars,1
2404,size summer,1
2405,machine screws,1
2406,doorbell,1
2407,car vacuum,1
2408,men's t-shirts,1
2409,pots pans set,1
2410,dry erase markers,1
2411,golf shoes,1
2412,queen size,1
2413,stopper,1
2414,dreaming mask,1
2415,"swim suits,",1
2416,headphones iphone,1
2417,shield,1
2418,funkin,1
2419,floats adult,1
2420,kayak accessories,1
2421,2021-2022,1
2422,thrillers,1
2423,first aid,1
2424,sailor moon,1
2425,airpods case,1
2426,office supplies,1
2427,crocs charms,1
2428,kindle paperwhite,1
2429,salt pepper shakers,1
2430,gloss,1
2431,surge,1
2432,sensory toys,1
2433,twilight,1
2434,trucker,1
2435,wall charger,1
2436,vegan,1
2437,lego star wars,1
2438,recliner,1
2439,fadogia agrestis,1
2440,jumbo pop,1
2441,press nails,1
2442,fly traps,1
2443,11 pro case,1
2444,croc charms,1
2445,dresses wedding guest,1
2446,ssd,1
2447,adults 4k,1
2448,doug toys,1
2449,planners 2021-2022,1
2450,aaa,1
2451,bikini set,1
2452,shoe organizer,1
2453,gpu,1
2454,nightstands,1
2455,steve madden sandals,1
2456,new balance womens,1
2457,bracelets women,1
2458,pencil pouches,1
2459,juicer,1
2460,operated,1
2461,bubble machine,1
2462,bar cart,1
2463,gothic,1
2464,womens swimsuits,1
2465,speakers bluetooth wireless,1
2466,lingerie women naughty,1
2467,pro 11,1
2468,healthy,1
2469,sofa bed,1
2470,full face snorkel,1
2471,animals,1
2472,robes,1
2473,gift bags,1
2474,living room decor,1
2475,farmhouse,1
2476,portable phone charger,1
2477,cut store,1
2478,lids,1
2479,curtain liner,1
2480,nobody,1
2481,steve madden,1
2482,star projector,1
2483,pets,1
2484,dorm essentials girls,1
2485,toddler toys,1
2486,protection made,1
2487,canopy,1
2488,laundry hamper,1
2489,mechanical pencil,1
2490,deodorant women,1
2491,size swim,1
2492,step,1
2493,sex toys &,1
2494,marvel legends,1
2495,dog crate,1
2496,4th generation,1
2497,tv mount,1
2498,beyblade,1
2499,size maxi dress,1
2500,amz prime,1
2501,iphone case,1
2502,cooling,1
2503,woman's,1
2504,yellowstone,1
2505,ryan,1
2506,rtx 3060,1
2507,chromebook,1
2508,maternity clothes,1
2509,pro max phone,1
2510,grill,1
2511,tree oil,1
2512,bucks shirt,1
2513,blink home security,1
2514,spiderman,1
2515,organizer bins,1
2516,beach towels,1
2517,lego star,1
2518,robes women,1
2519,car seat cover,1
2520,college essentials,1
2521,toaster oven,1
2522,stand comedy,1
2523,baby walker,1
2524,tees women,1
2525,paper towel holder,1
2526,audifonos,1
2527,traps,1
2528,beach dresses women,1
2529,kimonos women,1
2530,cover ups,1
2531,perfumes,1
2532,plant pots,1
2533,jaws,1
2534,picnic,1
2535,womens summer tops,1
2536,womens blazer,1
2537,dumbbell sets,1
2538,controllers,1
2539,magnetic eyelash kit,1
2540,knife set,1
2541,beach hats women,1
2542,nail polish kit,1
2543,hammocks,1
2544,ipad air case,1
2545,mother bride dresses,1
2546,moon,1
2547,oversized shirts,1
2548,tongkat,1
2549,invicta watches men,1
2550,wild kratts,1
2551,laundry basket,1
2552,wallets,1
2553,registry search,1
2554,workout tops women,1
2555,attack titan,1
2556,closet organizers storage,1
2557,amazon gift card,1
2558,jerky,1
2559,stick backsplash,1
2560,mousepad,1
2561,alarm,1
2562,de verano,1
2563,tour,1
2564,wedding dress,1
2565,steak,1
2566,backpacks girls,1
2567,"suits,",1
2568,samsung galaxy s21,1
2569,silverware set,1
2570,dog life,1
2571,hot wheels,1
2572,nintendo switch games,1
2573,action movies,1
2574,nail drill,1
2575,holder mount,1
2576,documentaries,1
2577,lifetime movies,1
2578,cocomelon party,1
2579,workout shorts,1
2580,gatorade,1
2581,full face,1
2582,cat treats,1
2583,jewelry organizer,1
2584,mini case,1
2585,license plate,1
2586,electric toothbrush,1
2587,tshirt,1
2588,vera bradley backpack,1
2589,10 +,1
2590,protein shake,1
2591,dollars,1
2592,powder nail,1
2593,quest,1
2594,dressy summer,1
2595,trimmer,1
2596,unit,1
2597,spanx,1
2598,motorcycle helmets,1
2599,dry shampoo,1
2600,bottles times,1
2601,pokemon cards,1
2602,tamil movies 2021,1
2603,tennis skirt,1
2604,duffle bag,1
2605,gadgets,1
2606,switch case,1
2607,black widow,1
2608,carrier,1
2609,marvel movies,1
2610,threonate,1
2611,solar outdoor lights,1
2612,cowboy boots women,1
2613,college dorm,1
2614,cooling blanket,1
2615,32 oz,1
2616,friday night funkin,1
2617,outdoor games,1
2618,dinnerware,1
2619,godzilla vs kong,1
2620,cordless vacuum,1
2621,exfoliating gloves,1
2622,fajas,1
2623,plate covers,1
2624,shein,1
2625,love hip,1
2626,body pillow,1
2627,dupes,1
2628,entertainment center,1
2629,resistance band,1
2630,dragon ball z,1
2631,women sex,1
2632,spatula,1
2633,bulletin,1
2634,fake nose,1
2635,jumpsuit women,1
2636,towel rack,1
2637,moving,1
2638,board borders,1
2639,baby girl clothes,1
2640,y2k dress,1
2641,chemical,1
2642,size bed,1
2643,belly button rings,1
2644,8x10 picture frame,1
2645,galaxy s21 +,1
2646,lume,1
2647,cock ring,1
2648,shower chair,1
2649,foot spa,1
2650,hello kitty,1
2651,squarepants,1
2652,purses handbags,1
2653,platform,1
2654,womens summer dresses,1
2655,guest women,1
2656,piece swimsuit tummy,1
2657,puppy pads,1
2658,balance womens,1
2659,coconut,1
2660,laundry detergent,1
2661,charger cable,1
2662,c wall,1
2663,athletic,1
2664,size tops women,1
2665,christian movies,1
2666,yarn,1
2667,console,1
2668,boat,1
2669,white dresser,1
2670,fan lights,1
2671,gallon,1
2672,beads jewelry,1
2673,womens sandals,1
2674,reductoras moldeadoras,1
2675,lifetime,1
2676,flops women,1
2677,virus,1
2678,desk chair,1
2679,tankini tops,1
2680,preworkout,1
2681,sunscreen,1
2682,workout sets,1
2683,security cameras,1
2684,knee braces,1
2685,"swim suits, women",1
2686,steering,1
2687,sharpies,1
2688,creatine,1
2689,air fresheners,1
2690,lucid dreaming mask,1
2691,crayons,1
2692,shock,1
2693,sexual women,1
2694,apple tv,1
2695,mens water,1
2696,xbox one controllers,1
2697,iphone x case,1
2698,wrath man,1
2699,capris women,1
2700,inflatable pool,1
2701,memory foam,1
2702,noodles,1
2703,locker accessories,1
2704,klein,1
2705,bb gun,1
2706,wall art,1
2707,straw,1
2708,lucid,1
2709,polygel nail,1
2710,heartland,1
2711,dash cam,1
2712,size bed frame,1
2713,gaming action,1
2714,privacy,1
2715,bosch,1
2716,rose toy women,1
2717,solar outdoor,1
2718,removal spray,1
2719,printer paper,1
2720,d3,1
2721,picnic basket,1
2722,john wick,1
2723,mystery box,1
2724,makeup bag,1
2725,balance womens shoes,1
2726,dog beds large,1
2727,bigfoot,1
2728,game thrones,1
2729,old boys,1
2730,pandora,1
2731,hummingbird,1
2732,jbl bluetooth,1
2733,sleeping,1
2734,size summer dresses,1
2735,joggers women,1
2736,business card holder,1
2737,cameras indoor/outdoor,1
2738,ethernet cable,1
2739,john wayne,1
2740,pc case,1
2741,clipboards,1
2742,stick wallpaper,1
2743,room decor aesthetic,1
2744,godzilla vs,1
2745,dressy,1
2746,desk accessories,1
2747,standing,1
2748,kit uv light,1
2749,essentials must haves,1
2750,spray bottles,1
2751,bedroom decor,1
2752,badge,1
2753,waterproof bag,1
2754,batman,1
2755,golf shoes men,1
2756,crib,1
2757,kitchen towels,1
2758,keurig coffee maker,1
2759,ordinary,1
2760,bose bluetooth,1
2761,tv stand,1
2762,waist trainer women,1
2763,bras women,1
2764,strapless bras,1
2765,smile sign,1
2766,sanitizer,1
2767,nursing tops,1
2768,bunk,1
2769,toys &,1
2770,curtain rods,1
2771,fidget toys,1
2772,black masks,1
2773,cans,1
2774,nespresso pods,1
2775,jumpsuit women casual,1
2776,succulent pots,1
2777,bandanas,1
2778,vinyl,1
2779,contact,1
2780,cinderella,1
2781,swimsuits,1
2782,women fashionable,1
2783,rc cars,1
2784,eye bracelet,1
2785,outdoor furniture,1
2786,chairs adults,1
2787,wireless bluetooth,1
2788,airpods pro case,1
2789,american,1
2790,piece bathing,1
2791,ps5 controller,1
2792,masks disposable,1
2793,armour shoes,1
2794,dog harness,1
2795,hoop earrings women,1
2796,camping accessories,1
2797,headphones kids,1
2798,blackout curtains,1
2799,orange juice,1
2800,noise,1
2801,sexually,1
2802,makeup brushes set,1
2803,ice maker,1
2804,best,1
2805,fridge organizer,1
2806,furious 9,1
2807,patrol toys,1
2808,smile.amazon,1
2809,lingerie women sex,1
2810,microwave,1
2811,pop pack,1
2812,white dress women,1
2813,harness,1
2814,external hard drives,1
2815,ceiling fan lights,1
2816,room chairs,1
2817,kids mask,1
2818,decorative pillows,1
2819,12 mini,1
2820,first aid kit,1
2821,travel bag,1
2822,watch series 6,1
2823,face snorkel,1
2824,reading glasses women,1
2825,loki,1
2826,dressers,1
2827,works,1
2828,athletic shorts,1
2829,bars tv,1
2830,window fan,1
2831,bottled water,1
2832,extensions,1
2833,books 3,1
2834,adult sex toys,1
2835,carry luggage spinner,1
2836,ethernet,1
2837,utensil holder,1
2838,queen size bed,1
2839,cartoons,1
2840,skechers sandals women,1
2841,pajama,1
2842,2021-2022 women,1
2843,treadmills,1
2844,louis,1
2845,verano para mujer,1
2846,car air fresheners,1
2847,hotel,1
2848,teacher supplies,1
2849,fish tank,1
2850,new balance mens,1
2851,lawn mower,1
2852,maternity dress,1
2853,jumpsuits women,1
2854,spiralizer noodle maker,1
2855,drill,1
2856,fresh groceries delivery,1
2857,claw clips,1
2858,dip powder nail,1
2859,nintendo switch accessories,1
2860,online shopping,1
2861,shredder,1
2862,label makers,1
2863,hair accessories women,1
2864,food items,1
2865,board games,1
2866,fire pit,1
2867,starz,1
2868,led lights bedroom,1
2869,home office desks,1
2870,cute school supplies,1
2871,vegetable,1
2872,claw,1
2873,year old girl,1
2874,weights,1
2875,brooks,1
2876,exercise,1
2877,air pods,1
2878,computer chair,1
2879,steering wheel cover,1
2880,bralettes,1
2881,dog poop bag,1
2882,pepper shakers,1
2883,bath rugs,1
2884,jewelry making,1
2885,dog bowls,1
2886,anime figure,1
2887,sound,1
2888,adidas backpack,1
2889,co bras,1
2890,olaplex,1
2891,pans set,1
2892,hair wigs black,1
2893,3d printers,1
2894,galaxy s21 ultra,1
2895,pack n play,1
2896,l shaped,1
2897,bounce house,1
2898,one piece bathing,1
2899,black dresses women,1
2900,tapastry's,1
2901,area,1
2902,foot massager,1
2903,football,1
2904,blackhead remover,1
2905,teeth,1
2906,ergonomic office chair,1
2907,phone mount car,1
2908,water bottle straw,1
2909,women's pants,1
2910,kitchen rugs,1
2911,paper shredder,1
2912,girls backpack,1
2913,dining table,1
2914,lightning cable,1
2915,de mujer,1
2916,olive,1
2917,trash cans,1
2918,dyson vacuum cleaner,1
2919,coloring book,1
2920,statham,1
2921,measuring,1
2922,clothing women,1
2923,wigs human hair,1
2924,green tea mask,1
2925,earrings sets women,1
2926,classic movies,1
2927,adidas shoes men,1
2928,oz,1
2929,ground beef,1
2930,room table,1
2931,tea tree oil,1
2932,pitter,1
2933,virus protection made,1
2934,razors,1
2935,abbey,1
2936,bathroom set,1
2937,sailor,1
2938,online,1
2939,vuitton,1
2940,boho clothing women,1
2941,lounge sets women,1
2942,full length mirror,1
2943,jump rope,1
2944,attack,1
2945,igloo,1
2946,bedroom furniture,1
2947,girl clothes,1
2948,pit vipers men,1
2949,covers &,1
2950,wedding bands,1
2951,jewelry holder,1
2952,cotton candy machine,1
2953,instant,1
2954,jbl bluetooth speaker,1
2955,size mattress,1
2956,lava,1
2957,space jam jersey,1
2958,wrap dress,1
2959,tens unit,1
2960,malayalam movies 2021,1
2961,paper holder,1
2962,watch charger,1
2963,wax warmer,1
2964,toilet bowl,1
2965,noodle maker,1
2966,scary,1
2967,comedy movies,1
2968,vans shoes men,1
2969,black sandals,1
2970,underwear men,1
2971,cat food,1
2972,washi tape,1
2973,cocktail dresses,1
2974,flip flops women,1
2975,anime stuff,1
2976,outdoor chairs,1
2977,puma,1
2978,dining room table,1
2979,banner,1
2980,lunch box kids,1
2981,girl stuff,1
2982,beard,1
2983,oakley,1
2984,pocket pussy,1
2985,privacy film,1
2986,apple watch charger,1
2987,vestidos elegantes de,1
2988,spongebob squarepants,1
2989,storage cubes,1
2990,max glass screen,1
2991,apron,1
2992,fruit fly,1
2993,knife sharpeners,1
2994,camping tent,1
2995,belly rings,1
2996,dehumidifiers,1
2997,tablets sale,1
2998,vibrators,1
2999,steamer,1
3000,hard drives,1
3001,kids tablet,1
3002,sleep mask,1
3003,bunk bed,1
3004,opi nail,1
3005,kitchen table,1
3006,silicone molds,1
3007,toys 3 year,1
3008,hula,1
3009,vikings,1
3010,mirrors wall,1
3011,dog life jacket,1
3012,kennel,1
3013,braces knee pain,1
3014,fall decor,1
3015,oven,1
3016,face masks skincare,1
3017,noise machine,1
3018,backpack women,1
3019,henna,1
3020,front wigs,1
3021,cables,1
3022,macbook air case,1
3023,club,1
3024,magnesium glycinate,1
3025,mens joggers,1
3026,cheese grater,1
3027,fake nails,1
3028,sandals women casual,1
3029,rack entryway,1
3030,newborn essentials,1
3031,cerave,1
3032,13 inch,1
3033,pacifier clip,1
3034,portable charger,1
3035,floor lamps,1
3036,tiger,1
3037,beetles gel,1
3038,paper towels,1
3039,baby yoda,1
3040,travel bottles,1
3041,skechers shoes women,1
3042,lap desk,1
3043,shampoo conditioner,1
3044,adult sex,1
3045,fidget packs,1
3046,iphone xr case,1
3047,generation case,1
3048,backpack girls,1
3049,bug spray,1
3050,toys girls,1
3051,shoes woman,1
3052,pantry organization storage,1
3053,walkie talkies,1
3054,christmas july,1
3055,body scrub,1
3056,cargo pants,1
3057,kitchen island,1
3058,stapler,1
3059,balance mens shoes,1
3060,beds large dogs,1
3061,colored pencils,1
3062,deals day,1
3063,womens tank,1
3064,chests,1
3065,office desks,1
3066,womens tops,1
3067,dinosaur toys,1
3068,refrigerator organizer bins,1
3069,quercetin,1
3070,hair dryer,1
3071,hair brush,1
3072,oil filter,1
3073,bracelet making kit,1
3074,kitchen mat,1
3075,whole foods,1
3076,whey protein,1
3077,tapestry,1
3078,plushies,1
3079,tortillas,1
3080,reading glasses,1
3081,gaming desk,1
3082,first,1
3083,budget binder,1
3084,evil eye necklace,1
3085,invincible,1
3086,bacon,1
3087,salad,1
3088,times drink,1
3089,pro screen,1
3090,sticky notes,1
3091,records,1
3092,hdmi cables,1
3093,32,1
3094,bluey toys,1
3095,outdoor garden,1
3096,equipment,1
3097,rods,1
3098,amazon smile sign,1
3099,drying rack,1
3100,slides,1
3101,skin tag,1
3102,hiking backpack,1
3103,zahler,1
3104,melissa,1
3105,plate covers &,1
3106,packages,1
3107,caddy,1
3108,contact paper,1
3109,running shoes men,1
3110,women naughty,1
3111,clorox wipes,1
3112,powder nail kit,1
3113,oximeter,1
3114,jason,1
3115,sticky bra,1
3116,nintendo switch controller,1
3117,dressers & chests,1
3118,leash,1
3119,blow,1
3120,disney shirts,1
3121,entertainment,1
3122,gaming mouse pad,1
3123,baby shark,1
3124,family guy,1
3125,mushrooms,1
3126,coloring,1
3127,duvet cover,1
3128,keto pills,1
3129,mujer para fiesta,1
3130,fairy,1
3131,iphone 7 case,1
3132,water shoes women,1
3133,corn hole,1
3134,mens watches,1
3135,gaming chairs,1
3136,baby boy,1
3137,key holder,1
3138,apple watch bands,1
3139,length mirror,1
3140,inalambricos,1
3141,bed frames,1
3142,vines,1
3143,transylvania,1
3144,aaa batteries,1
3145,automotive,1
3146,louis vuitton,1
3147,salsa,1
3148,duvet,1
3149,pump,1
3150,travel accessories,1
3151,body weight,1
3152,amazon fresh,1
3153,baby wipes,1
3154,7 plus case,1
3155,ps4 controller,1
3156,barbie dolls,1
3157,"suits, women",1
3158,airtag holder,1
3159,art supplies,1
3160,widow,1
3161,ice cream maker,1
3162,power strips,1
3163,rolling,1
3164,women tummy control,1
3165,fiesta,1
3166,nail stickers,1
3167,cleanse humans,1
3168,dudes,1
3169,room decorations,1
3170,coach handbags,1
3171,silverware,1
3172,lego technic,1
3173,pro 13,1
3174,lawn,1
3175,cream cheese,1
3176,speakers bluetooth,1
3177,simple,1
3178,robot vacuum,1
3179,corner desk,1
3180,n play,1
3181,plus size summer,1
3182,keychains,1
3183,& chests,1
3184,card birthday,1
3185,dog clothes,1
3186,baskets,1
3187,hoverboards,1
3188,store,1
3189,quiet place part,1
3190,garden decor,1
3191,alien,1
3192,true crime,1
3193,nail clippers,1
3194,clorox,1
3195,crop tops women,1
3196,vestidos de verano,1
3197,almond milk,1
3198,sublimation blanks,1
3199,toys packages,1
3200,sweaters,1
3201,school backpack,1
3202,backpack purse,1
3203,toothpaste,1
3204,waisted shorts,1
3205,graphic tees women,1
3206,solar lights outdoor,1
3207,ipad 8th,1
3208,safety glasses,1
3209,michael kors handbags,1
3210,essential oils,1
3211,tents camping,1
3212,table lamp,1
3213,bucket hats,1
3214,condoms,1
3215,coffee makers,1
3216,espresso machine,1
3217,bride dresses,1
3218,pajama set,1
3219,camping gear,1
3220,hydro flask,1
3221,crossbody,1
3222,toys women vibrating,1
3223,wedding guest women,1
3224,safety,1
3225,wedding bands women,1
3226,magnetic eyelash,1
3227,pajama set women,1
3228,blippi,1
3229,underworld,1
3230,pool noodles,1
3231,two piece outfits,1
3232,paramount,1
3233,hangers,1
3234,oversized,1
3235,diamond art,1
3236,sensory,1
3237,quiet place 2,1
3238,blink home,1
3239,& frames,1
3240,boxes,1
3241,invicta,1
3242,bean bag chairs,1
3243,dresser bedroom,1
3244,apparel,1
3245,temporary,1
3246,laser,1
3247,dye,1
3248,peppa,1
3249,cargo,1
3250,dog toys,1
3251,care products,1
3252,swim shorts women,1
3253,uv light,1
3254,lego friends,1
3255,golf accessories,1
3256,floss,1
3257,mouse pads,1
3258,cabinet organizers,1
3259,lord,1
3260,glue sticks,1
3261,cricut accessories,1
3262,pills,1
3263,sex naughty,1
3264,rope,1
3265,toddler backpack,1
3266,tomorrow,1
3267,nose rings,1
3268,cat carrier,1
3269,water filter,1
3270,michael kors,1
3271,para mujer,1
3272,pit viper sunglasses,1
3273,braces,1
3274,water balloons,1
3275,clippers,1
3276,fresh groceries,1
3277,butt plug,1
3278,gold hoop,1
3279,closet organizers,1
3280,taylor,1
3281,rae dunn,1
3282,moving boxes,1
3283,romantic comedies,1
3284,katana,1
3285,coasters,1
3286,beats headphones,1
3287,extension cords,1
3288,composition,1
3289,sun dress,1
3290,bench,1
3291,zinc,1
3292,kindle unlimited books,1
3293,fire tv stick,1
3294,resident evil,1
3295,tunes,1
3296,mortal,1
3297,tennis balls,1
3298,squishmallows,1
3299,oculus quest,1
3300,vibrator sexual,1
3301,energy drink,1
3302,iphone charger 10ft,1
3303,elegantes de mujer,1
3304,amazoncom,1
3305,macbook pro 13,1
3306,milk frother,1
3307,iphone 12 case,1
3308,muddy bites,1
3309,bar stools,1
3310,legends,1
3311,jewelry cleaner,1
3312,mom,1
3313,trimmer men,1
3314,succulent,1
3315,virus protection,1
3316,popcorn machine,1
3317,hula hoop,1
3318,story,1
3319,piece swimsuit,1
3320,pressure monitors,1
3321,futon,1
3322,hoka shoes women,1
3323,nail file,1
3324,sound bars tv,1
3325,spiral notebook,1
3326,k cups,1
3327,cases iphone 11,1
3328,housewarming,1
3329,tupperware,1
3330,mason,1
3331,waterproof phone,1
3332,bed sheets,1
3333,warmer,1
3334,funko pop,1
3335,4th,1
3336,friday,1
3337,rompers,1
3338,strapless bras large,1
3339,gaming keyboard,1
3340,steve,1
3341,portable ac,1
3342,boss baby,1
3343,box men,1
3344,mower,1
3345,ring cameras,1
3346,dog leash,1
3347,stress balls,1
3348,pandora charms,1
3349,resistance,1
3350,hookah,1
3351,minecraft toys,1
3352,covers & frames,1
3353,fajas colombianas reductoras,1
3354,sale,1
3355,gaming apparel,1
3356,gopro,1
3357,external hard,1
3358,nursing bras,1
3359,sound bars,1
3360,white tank,1
3361,kong,1
3362,hair dye,1
3363,wedding decorations,1
3364,thermos,1
3365,plus size maxi,1
3366,dinnerware sets,1
3367,year old boys,1
3368,elegantes de,1
3369,headphones wireless,1
3370,swimsuit coverup women,1
3371,insulated water,1
3372,shoulder,1
3373,salt pepper,1
3374,samsung watch,1
3375,hair ties,1
3376,lava lamp,1
3377,alarm clock,1
3378,amiibo,1
3379,eyelashes,1
3380,harry,1
3381,shoe storage,1
3382,kindle unlimited,1
3383,boxing gloves,1
3384,size sheets,1
3385,deep fryer,1
3386,crystal necklace,1
3387,pimple patches,1
3388,mystery,1
3389,airsoft guns,1
3390,iphone 12 mini,1
3391,n95 masks virus,1
3392,birkenstock sandals,1
3393,oakley sunglasses men,1
3394,running shoes,1
3395,kawaii accessories,1
3396,tower fan,1
3397,waxing,1
3398,food storage containers,1
3399,dyson vacuum,1
3400,toys 3,1
3401,aloe,1
3402,cabinet organizers storage,1
3403,battery operated fan,1
3404,pick,1
3405,spiralizer noodle,1
3406,fans,1
3407,kit uv,1
3408,orange,1
3409,year olds,1
3410,hawaiian dresses,1
3411,kors handbags,1
3412,sd cards,1
3413,machines,1
3414,coach,1
3415,knee pain,1
3416,collars,1
3417,usb c hub,1
3418,hindi movies,1
3419,projector screen,1
3420,bites,1
3421,lights outdoor,1
3422,bachelorette party favors,1
3423,compression socks women,1
3424,summer dress women,1
3425,night light,1
3426,popsicles,1
3427,ashwagandha,1
3428,haves,1
3429,room table set,1
3430,bathroom decor,1
3431,pool vacuum,1
3432,boy clothes,1
3433,patio lights,1
3434,film,1
3435,clear backpack,1
3436,klein underwear men,1
3437,pulse oximeter,1
3438,vera gel,1
3439,ps5 games,1
3440,almond,1
3441,sun hat,1
3442,room divider,1
3443,12 mini case,1
3444,wayne movies,1
3445,friday night,1
3446,womens dresses summer,1
3447,sundresses,1
3448,bottles times drink,1
3449,polo shirts,1
3450,sunglasses womens,1
3451,pressure machine,1
3452,basketball,1
3453,wifi,1
3454,bluetooth wireless,1
3455,insulated water bottle,1
3456,invicta watches,1
3457,chicago fire,1
3458,laundry bag,1
3459,2 piece outfits,1
3460,fake plants,1
3461,jersey,1
3462,air conditioner room,1
3463,dispenser,1
3464,hoodies,1
3465,sunflower decor,1
3466,pink,1
3467,pool toys,1
3468,trunk,1
3469,madden sandals,1
3470,clothing rack,1
3471,inflatable swimming,1
3472,party dress women,1
3473,suits women tummy,1
3474,apple pencil,1
3475,traps indoors,1
3476,smart watch,1
3477,versa 2,1
3478,bird feeders,1
3479,skin care products,1
3480,go pro,1
3481,olive oil,1
3482,bookshelf,1
3483,pop fidget,1
3484,shampoo conditioner set,1
3485,decor aesthetic,1
3486,sectional couches,1
3487,clarks sandals,1
3488,white sandals,1
3489,tamil,1
3490,biker shorts women,1
3491,polygel,1
3492,vintage,1
3493,amazon gift,1
3494,eye necklace,1
3495,jason statham,1
3496,mother bride,1
3497,resin molds,1
3498,honey,1
3499,manga,1
3500,fidget cube,1
3501,kitchen organization,1
3502,south,1
3503,essentials college,1
3504,foods,1
3505,place 2,1
3506,making cut store,1
3507,purifiers,1
3508,couches living,1
3509,area rug,1
3510,fishing pole,1
3511,converse shoes women,1
3512,melissa doug,1
3513,essentials must,1
3514,trucker hats,1
3515,crossbody bags women,1
3516,cat litter box,1
3517,strip lights,1
3518,polo,1
3519,window privacy,1
3520,spice rack,1
3521,dish rack,1
3522,tops men,1
3523,bowls,1
3524,nike shoes women,1
3525,luca,1
3526,sonic,1
3527,anime stickers,1
3528,jack ryan,1
3529,laptop backpack,1
3530,cheap,1
3531,frother,1
3532,tamil movies,1
3533,teacher planner,1
3534,luggage sets,1
3535,anxiety,1
3536,hoka shoes,1
3537,indoors,1
3538,pulse,1
3539,lucid dreaming,1
3540,chlorine,1
3541,heating pad,1
3542,shark week,1
3543,roblox,1
3544,workout equipment,1
3545,cooking utensils,1
3546,de mujer para,1
3547,demon,1
3548,business card,1
3549,beetles gel polish,1
3550,wedding band men,1
3551,crime,1
3552,talkies,1
3553,dish soap,1
3554,cocomelon party supplies,1
3555,acrylic powder,1
3556,fire tv,1
3557,phone tripod,1
3558,madea,1
3559,shower curtains,1
3560,oil diffuser,1
3561,wheel cover,1
3562,straightener,1
3563,asics shoes,1
3564,se case,1
3565,kitty,1
3566,tops women casual,1
3567,blouses,1
3568,eyebrow,1
3569,coconut oil,1
3570,boho dress,1
3571,dip powder,1
3572,kids water shoes,1
3573,bounce,1
3574,malayalam movies,1
3575,grater,1
3576,holders,1
3577,earrings women,1
3578,plus size bathing,1
3579,car accessories women,1
3580,vitamin c serum,1
3581,popit,1
3582,fix,1
3583,sunflower,1
3584,hunter,1
3585,graphics,1
3586,bts,1
3587,night funkin merch,1
3588,keyboard mouse,1
3589,hdmi splitter,1
3590,led strip lights,1
3591,books 3 year,1
3592,ergonomic office,1
3593,patio umbrellas,1
3594,figit,1
3595,bookbags,1
3596,golf balls,1
3597,hey dudes,1
3598,baby play mat,1
3599,sweet,1
3600,shoe rack entryway,1
3601,wrath,1
3602,thank stickers,1
3603,cookies,1
3604,cupshe swimsuit,1
3605,back scratcher,1
3606,walkie,1
3607,fajas colombianas,1
3608,melatonin gummies,1
3609,morty,1
3610,simple dimple,1
3611,google,1
3612,mount car,1
3613,cosplay,1
3614,nike shoes men,1
3615,nike backpack,1
3616,xs max,1
3617,fanny pack women,1
3618,battery operated,1
3619,pans,1
3620,gel blaster,1
3621,backpacks teens,1
3622,audifonos bluetooth inalambricos,1
3623,play mat,1
3624,button,1
3625,women dressy summer,1
3626,twin mattresses,1
3627,christian,1
3628,band men,1
3629,night funkin,1
3630,beads jewelry making,1
3631,sandals shoes women,1
3632,recliner chair,1
3633,chicken breasts,1
3634,samsung galaxy s10+,1
3635,raising kanan,1
3636,shower curtain rings,1
3637,sale prime,1
3638,wallet women,1
3639,cube storage,1
3640,pressure washer,1
3641,looney tunes,1
3642,rose toy,1
3643,black sandals women,1
3644,shower organizer,1
3645,kids face,1
3646,coffee creamer,1
3647,hello,1
3648,kingdom,1
3649,perfumes women,1
3650,gaming headset,1
3651,mirrors,1
3652,yogurt,1
3653,storage shelves,1
3654,laser pointer,1
3655,moldeadoras,1
3656,dude shoes,1
3657,bento box kids,1
3658,cherry,1
3659,nightmare,1
3660,stuffed,1
3661,pull bar,1
3662,michael,1
3663,golf tees,1
3664,luggage spinner,1
3665,grand tour,1
3666,throw pillows,1
3667,trampoline,1
3668,water pick,1
3669,8x10 picture,1
3670,neck pillow,1
3671,roller skates,1
3672,discovery,1
3673,kanan,1
3674,meal prep,1
3675,body wash,1
3676,samsung tablet,1
3677,dining chairs,1
3678,leggings women,1
3679,wall paper,1
3680,file cabinet,1
3681,mens wallets,1
3682,dildo women vibrating,1
3683,canning lids,1
3684,chapstick,1
3685,cotton,1
3686,baseball cap,1
3687,portable phone,1
3688,chair covers,1
3689,cleaners,1
3690,frame headboard,1
3691,pimple,1
3692,boho decor,1
3693,downton abbey,1
3694,pro 11 case,1
3695,wireless charger,1
3696,summer tops women,1
3697,playing,1
3698,vera bradley,1
3699,beach blanket,1
3700,pony,1
3701,cordless vacuum cleaner,1
3702,life jackets adults,1
3703,drones camera,1
3704,nba finals,1
3705,l shaped desk,1
3706,hummingbird feeder,1
3707,acrylic nail,1
3708,se 2020 case,1
3709,daniel tiger,1
3710,newborn essentials must,1
3711,accent chairs,1
3712,tablecloth,1
3713,balance mens,1
3714,razors women,1
3715,escape room,1
3716,avocado,1
3717,napkin holder,1
3718,kn95 face mask,1
3719,running shorts,1
3720,home office,1
3721,locker,1
3722,shorts womens,1
3723,doug,1
3724,accessories men,1
3725,party dress,1
3726,plugs,1
3727,erase board,1
3728,11 screen,1
3729,white sandals women,1
3730,corset top,1
3731,table runner,1
3732,storage cabinet,1
3733,cat bed,1
3734,curling iron,1
3735,hip hop,1
3736,skirts,1
3737,kids lunch box,1
3738,black disposable face,1
3739,picture frames,1
3740,mason jars,1
3741,coffee mug,1
3742,tevas woman's sandals,1
3743,bags women,1
3744,mermaid,1
3745,celsius energy drink,1
3746,rick,1
3747,evil eye bracelet,1
3748,pillows sleeping,1
3749,amazon usa,1
3750,dorm essentials,1
3751,bathroom wall decor,1
3752,& chests drawers,1
3753,colombianas reductoras,1
3754,tevas woman's,1
3755,masks virus protection,1
3756,wedding gifts,1
3757,formal dresses,1
3758,essentials girls,1
3759,chocolate,1
3760,horror story,1
3761,dildo women,1
3762,coffee grinder,1
3763,formal,1
3764,biotin,1
3765,airpod pro,1
3766,weighted blanket,1
3767,cooker,1
3768,items free shipping,1
3769,fishing accessories,1
3770,cell,1
3771,pool shock,1
3772,baby girl stuff,1
3773,bananas,1
3774,ski mask,1
3775,white noise,1
3776,wireless mouse,1
3777,collagen powder,1
3778,platform boots,1
3779,golf accessories men,1
3780,sexually explicit,1
3781,chopsticks,1
3782,massage chair,1
3783,towels bathroom,1
3784,one piece swimsuit,1
3785,eyeshadow palette,1
3786,women swimwear,1
3787,folding chair,1
3788,electric kettle,1
3789,netflix,1
3790,ipad case,1
3791,birthday banner,1
3792,orders placed,1
3793,bong,1
3794,dog gate,1
3795,fruit fly trap,1
3796,back school supplies,1
3797,dreaming,1
3798,cheap stuff,1
3799,hindi,1
3800,usb hub,1
3801,cat water,1
3802,face snorkel mask,1
3803,phone mount,1
3804,bathroom wall,1
3805,beds large,1
3806,salt,1
3807,baby toys,1
3808,hero academia,1
3809,dude shoes women,1
3810,water shoes men,1
3811,ankle bracelets,1
3812,plus size lingerie,1
3813,free movies,1
3814,conditioner set,1
3815,fadogia,1
3816,oculus quest 2,1
3817,weight bench,1
3818,pepper shakers set,1
3819,sexy lingerie women,1
3820,couches,1
3821,groceries,1
3822,klein underwear,1
3823,pregnancy pillows,1
3824,pill box,1
3825,decor aesthetic vintage,1
3826,gaming pc,1
3827,week,1
3828,cleaning,1
3829,cleats,1
3830,among us,1
3831,bottled,1
3832,cowboy boots,1
3833,toilet bowl cleaners,1
3834,athletic shorts women,1
3835,bathroom shelves,1
3836,braces knee,1
3837,pantry,1
3838,yoga mat,1
3839,unlimited,1
3840,downton,1
3841,nightmare christmas,1
3842,kits,1
3843,ice pack,1
3844,pussy,1
3845,colombianas,1
3846,artificial flowers,1
3847,barstools,1
3848,polish kit uv,1
3849,womens tank tops,1
3850,music,1
3851,best sellers,1
3852,melissa doug toys,1
3853,boho clothing,1
3854,& sets,1
3855,breast pump,1
3856,ipad mini,1
3857,socks men,1
3858,blackhead,1
3859,max app,1
3860,folding tables,1
3861,dunn,1
3862,jansport backpack teen,1
3863,body works,1
3864,little women,1
3865,hand sanitizer,1
3866,jurassic world toys,1
3867,galaxy s10+,1
3868,binoculars adults,1
3869,henna tattoo,1
3870,camera adults,1
3871,zahler paraguard,1
3872,tom jerry,1
3873,mug,1
3874,rtx 3090,1
3875,aesthetic vintage,1
3876,glass screen protector,1
3877,search,1
3878,boys backpacks,1
3879,pacifiers,1
3880,graphics card,1
3881,kids movies,1
3882,top gear,1
3883,8 case,1
3884,dish drying rack,1
3885,adidas shoes women,1
3886,bath body,1
3887,pro screen protector,1
3888,wedge sandals women,1
3889,xr case,1
3890,shakers set,1
3891,fashionable,1
3892,calvin,1
3893,sleeper,1
3894,cover ups women,1
